{
    "pets":[{"name":"Peter",
        "lname":"Pool",
            "relation":"Fur Buddy"
        },
        {"name":"Julie",
        "lname":"Pool",
            "relation":"Fur Buddy"
        },
        {"name":"Bristlenose",
        "lname":"Plecos",
            "relation":"Fish"
        },
        {"name":"Mary",
        "lname":"Pebbles",
            "relation":"Fuzzy"
        },
        {"name":"Oscar",
        "lname":"Buddy",
            "relation":"Fur Buddy"
        },
        {"name":"Zaria",
        "lname":"Princess",
            "relation":"Fur Buddy"
        },
        {"name":"Renee",
        "lname":"Pool",
            "relation":"Missy-Fluffykins"
        }
        ]
}
